Dataset;Support;Size;Temps d'exécution (s);Mémoire maximale (Ko);Titre variables;Supports motifs;Motifs detectés
./data/AfterPCA/Air_quality.csv;0.04;149;1466.582211971283;97.2265625;['1 : AH', '2 : C6H6(GT)', '3 : CO(GT)', '4 : NMHC(GT)', '5 : NO2(GT)', '6 : NOx(GT)', '7 : PT08.S1(CO)', '8 : PT08.S3(NOx)', '9 : T'];[0.05248952722018066, 0.041289936504224634, 0.05595612322988055, 0.04015555955506398, 0.05042743489760566, 0.04331778322630841, 0.04800520405191935, 0.0434910673355319, 0.047816704752617685, 0.05303035183687781, 0.04001871422688352, 0.04630916727081937, 0.06514676056038139, 0.04702268201034057, 0.04282785867491778, 0.04296040902451761, 0.04559537838372919, 0.05675115117991058, 0.046091197107852803, 0.042620740186556504, 0.049006185363142496, 0.04107653546740767, 0.0434087545279469, 0.04168697072099394, 0.04647644297915615, 0.04041049394858079, 0.04072592357231828, 0.04696488256454816, 0.047177849534380915, 0.04565553092948865, 0.04031931703626557, 0.041223844094470705, 0.04085472723847544, 0.042447136238502534, 0.04919326823333778, 0.040035757067421525, 0.04281013046545734, 0.04909270176678513, 0.043637896204349234, 0.04610659506297695, 0.045166017599451484, 0.04669557826929086, 0.05048747321521137, 0.04315505379849048, 0.04423930743379005, 0.04615614723606934, 0.046123340910315225, 0.04480811794815349, 0.04332338040584167, 0.04028685339497267, 0.04243023047174902, 0.044700195188499985, 0.04680900682595463, 0.0406455297977161, 0.050138003601659376, 0.040665542570251345, 0.04527503694938089, 0.04142317222274691, 0.04465119131054555, 0.04285582172695332, 0.04346134516992877, 0.043334643301800424, 0.04230770935404756, 0.055410957943341284, 0.040467379569143286, 0.04090133232520134, 0.040645895327808074, 0.04849940073625985, 0.047112670949856904, 0.056077387837890874, 0.04243011624359529, 0.041391096957176736, 0.04582831243483569, 0.04220392165355944, 0.05332243322599085, 0.04500968494824299, 0.06276663421216362, 0.044011353730186616, 0.045253721975893016, 0.043770560782102806, 0.04250402185906503, 0.044763386203148924, 0.04222699574061491, 0.05014483444525303, 0.042872864567491314, 0.046135654705288395, 0.04420211474693232, 0.04038376456060564, 0.048291528342083896, 0.04197690462081667, 0.04006785517862245, 0.043394384626206414, 0.04714819590567002, 0.0449153781845153, 0.04224769388207259, 0.0406869946175237, 0.040428953218225164, 0.043717170543044755, 0.04220922183989298, 0.04542337362982758, 0.04033389254868278, 0.040747672612790366, 0.04123019517981864, 0.05072360565462259, 0.04478986428918584, 0.043338047300781876, 0.04089495839422265, 0.043956821209591164, 0.04216282236384381, 0.05049805074224769, 0.04368237664741557, 0.04421518244772017, 0.040303987618033665, 0.041079231251835935, 0.0472257796676902, 0.048944730616430406, 0.04616574240098349, 0.043660262076851516, 0.04123889936513363, 0.04796913080096827, 0.04246205443538097, 0.04145702944751543, 0.04438682167152982, 0.06198506233864417, 0.0421504400319784, 0.04245520074615658, 0.04700577624358706, 0.040679044338023405, 0.046075662078944174, 0.04290953180484184, 0.044121538207284164, 0.04043937082584625, 0.04333660802604475, 0.04187880548238481, 0.051705031105925454, 0.04076199682326935, 0.06361713135364977, 0.05857651707667492, 0.044264232016936106, 0.05649103082821397, 0.04552967434969798, 0.045115323144821695, 0.041240087337932524, 0.16097392385999046, 0.05553909908620675, 0.04500235150077289, 0.04975435692450839, 0.17920069352024348, 0.059187706236075874];[{'3+', '1+', '2-'}, {'4+', '3+', '1+'}, {'3-', '1+', '6+'}, {'4+', '6-', '1+'}, {'4+', '9+', '1+'}, {'6-', '1+', '5+'}, {'3-', '2+', '5+'}, {'3-', '2+', '6+'}, {'9-', '3-', '2+'}, {'4+', '3+', '8+'}, {'3+', '9+', '4-'}, {'3+', '6-', '5+'}, {'9-', '5-', '3+'}, {'9-', '3+', '6-'}, {'4+', '8+', '5+'}, {'4+', '7+', '6-'}, {'4+', '6-', '9+'}, {'4+', '7+', '8+'}, {'4+', '9+', '8+'}, {'8-', '6-', '5+'}, {'9-', '6-', '5+'}, {'2+', '1+', '3+', '4-'}, {'7+', '2+', '1+', '4+'}, {'2+', '1+', '4-', '5+'}, {'1+', '6+', '2-', '5+'}, {'7-', '1+', '2-', '5+'}, {'7+', '1+', '5-', '2-'}, {'7-', '1+', '6+', '2-'}, {'7-', '1+', '8-', '2-'}, {'9+', '1+', '8-', '2-'}, {'1+', '3+', '8-', '4-'}, {'1+', '5-', '3+', '8+'}, {'6-', '1+', '3+', '8+'}, {'7-', '1+', '3+', '8+'}, {'7-', '9+', '1+', '3+'}, {'9+', '1+', '3-', '5+'}, {'9+', '1+', '6+', '4-'}, {'7-', '1+', '6+', '5+'}, {'7+', '1+', '8+', '5+'}, {'7-', '9+', '1+', '5+'}, {'9+', '1+', '6+', '5-'}, {'9-', '7+', '1+', '5-'}, {'9-', '1+', '5-', '8-'}, {'7+', '1+', '6+', '8+'}, {'7-', '9+', '1+', '6+'}, {'7-', '2+', '3+', '5+'}, {'7-', '2+', '6+', '3+'}, {'6-', '2+', '3+', '8+'}, {'7-', '9+', '2+', '3+'}, {'9-', '2+', '3+', '8+'}, {'7-', '2+', '5-', '3-'}, {'7-', '6-', '2+', '3-'}, {'7-', '9+', '2+', '3-'}, {'9+', '2+', '4-', '5+'}, {'7-', '2+', '6+', '5+'}, {'7+', '6-', '2+', '5+'}, {'6-', '2+', '9+', '5+'}, {'9+', '2+', '6+', '5-'}, {'9-', '6-', '2+', '5-'}, {'7-', '2+', '5-', '8+'}, {'9-', '7+', '6-', '2+'}, {'7-', '9+', '2+', '8-'}, {'7-', '6-', '5-', '3+'}, {'6-', '5-', '3+', '8+'}, {'7-', '5-', '3+', '8+'}, {'9+', '5-', '3+', '8+'}, {'7-', '6-', '3+', '8+'}, {'6-', '9+', '3+', '8+'}, {'9-', '7+', '3+', '8+'}, {'7-', '9+', '3+', '8+'}, {'9-', '6-', '4+', '5-'}, {'9-', '4+', '5-', '8+'}, {'9-', '6-', '4+', '8+'}, {'7-', '9-', '4+', '8+'}, {'7-', '6-', '8+', '5+'}, {'9-', '7+', '8+', '5+'}, {'7-', '9+', '8+', '5+'}, {'9-', '7+', '6+', '8+'}, {'7-', '9+', '6+', '8+'}, {'1+', '5-', '3+', '2+', '6+'}, {'1+', '8-', '4-', '2+', '6+'}, {'1+', '8-', '4-', '7+', '2+'}, {'9+', '1+', '4-', '7+', '2+'}, {'9+', '1+', '8-', '4-', '2+'}, {'9+', '1+', '2+', '8+', '5+'}, {'1+', '5-', '7+', '2+', '6+'}, {'1+', '5-', '8-', '2+', '6+'}, {'9+', '1+', '2+', '6+', '8+'}, {'1+', '5-', '8-', '3-', '2-'}, {'6-', '1+', '8-', '3-', '2-'}, {'6-', '1+', '5-', '4-', '2-'}, {'6-', '1+', '5-', '8-', '2-'}, {'1+', '3+', '6+', '8+', '5+'}, {'9+', '1+', '3+', '8+', '5+'}, {'1+', '5-', '3+', '7+', '6+'}, {'1+', '5-', '3+', '8-', '6+'}, {'6-', '1+', '5-', '3+', '8-'}, {'9+', '1+', '3+', '6+', '8+'}, {'7-', '9+', '1+', '3-', '4-'}, {'7-', '1+', '5-', '8-', '3-'}, {'7-', '6-', '1+', '8-', '3-'}, {'7-', '9+', '1+', '8-', '3-'}, {'1+', '8-', '4-', '6+', '5+'}, {'9+', '1+', '6+', '8+', '5+'}, {'1+', '5-', '8-', '7+', '6+'}, {'7-', '6-', '1+', '5-', '8-'}, {'7-', '9+', '1+', '5-', '8-'}, {'9+', '3+', '7+', '2+', '4+'}, {'9-', '3+', '7+', '2+', '4+'}, {'9+', '3+', '2+', '8+', '5+'}, {'6-', '5-', '3+', '8-', '2+'}, {'9+', '3+', '2+', '6+', '8+'}, {'9+', '8-', '4-', '2+', '6+'}, {'9+', '8-', '4-', '7+', '2+'}, {'9+', '2+', '6+', '8+', '5+'}, {'9+', '7+', '2+', '8+', '5+'}, {'9-', '5-', '8-', '7+', '2+'}, {'9+', '7+', '2+', '6+', '8+'}, {'7-', '6-', '9+', '2+', '8+'}, {'9-', '3+', '6+', '4+', '5+'}, {'9-', '3+', '7+', '4+', '5+'}, {'9-', '3+', '7+', '6+', '4+'}, {'7-', '9+', '3+', '6+', '5+'}, {'9+', '3+', '6+', '8+', '5+'}, {'9+', '3+', '7+', '8+', '5+'}, {'6-', '5-', '3+', '8-', '7+'}, {'7-', '6-', '5-', '4+', '8+'}, {'9+', '7+', '6+', '8+', '5+'}, {'9+', '1+', '3+', '7+', '2+', '8+'}, {'7-', '6-', '1+', '9+', '5-', '2+'}, {'7-', '1+', '5-', '3-', '4-', '2-'}, {'7-', '6-', '1+', '3-', '4-', '2-'}, {'7-', '6-', '1+', '5-', '3-', '4-'}, {'6-', '1+', '9+', '5-', '3-', '4-'}, {'3+', '7+', '2+', '6+', '8+', '5+'}, {'5-', '3+', '8-', '7+', '2+', '6+'}, {'7-', '9-', '3+', '6+', '8+', '5+'}, {'7-', '9-', '3+', '8-', '6+', '5+'}, {'6-', '1+', '9+', '5-', '3+', '7+', '2+'}, {'9+', '1+', '5-', '3+', '8-', '7+', '2+'}, {'6-', '1+', '9+', '3+', '8-', '7+', '2+'}, {'3+', '8-', '7+', '2+', '6+', '4+', '5+'}, {'3+', '8-', '4-', '7+', '2+', '6+', '5+'}, {'9+', '1+', '3+', '8-', '7+', '2+', '6+', '5+'}, {'9-', '1+', '3+', '8-', '7+', '2+', '6+', '5+'}, {'6-', '1+', '9+', '5-', '3-', '7+', '2+', '8+'}, {'6-', '1+', '9+', '5-', '8-', '3-', '7+', '2+'}, {'7-', '6-', '1+', '9+', '5-', '3-', '8+', '2-'}, {'7-', '9-', '6-', '1+', '5-', '3-', '8+', '2-'}]
./data/AfterPCA/Air_quality.csv;0.08;73;1372.2107779979706;46.2138671875;['1 : AH', '2 : C6H6(GT)', '3 : CO(GT)', '4 : NMHC(GT)', '5 : NO2(GT)', '6 : NOx(GT)', '7 : PT08.S1(CO)', '8 : PT08.S3(NOx)', '9 : T'];[0.08735456414351753, 0.10858925808494307, 0.11611111347182629, 0.08162417173736863, 0.08085102990159519, 0.09281569794567063, 0.0848376381583808, 0.09108895663684535, 0.09772572659728997, 0.08758244931022872, 0.08152961367170271, 0.10789317456168258, 0.08165499049324768, 0.08074153079342007, 0.08054866797864554, 0.083435122041131, 0.0987456012451417, 0.09280217333226781, 0.09111187080448559, 0.08318270066699647, 0.08126458150939529, 0.08736530158996908, 0.087025541369485, 0.08363897360429531, 0.08043035045700171, 0.08307644563838756, 0.08171854703798859, 0.08374474887465849, 0.0803993489360767, 0.08615628796515475, 0.08266357939950991, 0.08954651103126411, 0.09317293507367692, 0.0874247687668061, 0.0814917127702918, 0.0823807504908498, 0.0862522396142963, 0.08623126732526964, 0.0815893093048472, 0.08148511038300563, 0.09121387654577535, 0.10188863458655782, 0.08036729651613726, 0.08412067372861666, 0.09101004782824179, 0.08861022854631927, 0.08739193959542124, 0.0840776097146567, 0.08547018798253113, 0.10512947007320608, 0.08915651326876518, 0.08698202044291008, 0.08438232473757339, 0.0802248768540543, 0.0804482385858774, 0.08933564585946016, 0.08000978524056197, 0.080282196541601, 0.08123499641757664, 0.0801890320594107, 0.09035501790343545, 0.08125948693373848, 0.09177466824374625, 0.12223079542592091, 0.0957052590139378, 0.10435406651998858, 0.08781899297099341, 0.08722363583370081, 0.09477498492987968, 0.0859198585325438, 0.23473979260645025, 0.16097392385999046, 0.17920069352024348];[{'2+', '4-'}, {'9-', '4+'}, {'6-', '5+'}, {'8-', '1+', '2-'}, {'8-', '1+', '4-'}, {'9+', '1+', '4-'}, {'7-', '8-', '1+'}, {'2+', '6+', '8+'}, {'7-', '9+', '2+'}, {'4+', '3+', '5+'}, {'4+', '3+', '6+'}, {'5-', '3+', '6-'}, {'7-', '3+', '9+'}, {'4+', '6+', '5+'}, {'4+', '6-', '5-'}, {'4+', '6-', '8+'}, {'7+', '8+', '5+'}, {'7-', '9+', '5+'}, {'7+', '6+', '8+'}, {'6-', '2+', '1+', '3+'}, {'1+', '5-', '3+', '8-'}, {'9-', '1+', '6+', '3+'}, {'6-', '1+', '9+', '3+'}, {'9-', '7+', '1+', '3+'}, {'9+', '1+', '3+', '8+'}, {'9-', '1+', '3+', '8-'}, {'7-', '9-', '1+', '3-'}, {'9-', '1+', '6+', '5+'}, {'9-', '1+', '5-', '8+'}, {'7+', '2+', '4+', '3+'}, {'2+', '3+', '8+', '5+'}, {'7+', '6-', '2+', '3+'}, {'6-', '2+', '9+', '3+'}, {'7+', '2+', '3+', '8+'}, {'9+', '2+', '3+', '8+'}, {'6-', '2+', '3-', '8+'}, {'9+', '2+', '3-', '8+'}, {'7+', '6-', '2+', '8+'}, {'7+', '9+', '5-', '3+'}, {'7-', '6+', '3+', '8-'}, {'7-', '9-', '3+', '8+'}, {'7-', '6+', '8-', '5+'}, {'9+', '6+', '8+', '5+'}, {'7-', '9-', '8-', '5+'}, {'7-', '9-', '6+', '8-'}, {'1+', '5-', '3+', '7+', '2+'}, {'9+', '1+', '5-', '3+', '2+'}, {'1+', '8-', '3-', '7+', '2+'}, {'9+', '1+', '8-', '3-', '2+'}, {'9+', '1+', '7+', '2+', '8+'}, {'9-', '1+', '8-', '7+', '2+'}, {'9-', '1+', '5-', '3-', '2-'}, {'9-', '6-', '1+', '5-', '2-'}, {'7-', '9-', '1+', '5-', '2-'}, {'7-', '9-', '1+', '8+', '2-'}, {'9-', '6-', '1+', '5-', '3-'}, {'9+', '1+', '8-', '3-', '7+'}, {'6-', '1+', '5-', '7+', '8+'}, {'9-', '1+', '8-', '7+', '6+'}, {'5-', '3+', '8-', '7+', '2+'}, {'6-', '5-', '8-', '3-', '2+'}, {'6-', '8-', '3-', '7+', '2+'}, {'7-', '3+', '6+', '8+', '5+'}, {'7-', '9-', '3+', '6+', '5+'}, {'9-', '3+', '6+', '8+', '5+'}, {'7-', '9-', '6+', '8+', '5+'}, {'6-', '1+', '9+', '5-', '2+', '8+'}, {'6-', '1+', '9+', '5-', '8-', '3-'}, {'6-', '1+', '9+', '5-', '3-', '7+', '2+'}, {'6-', '1+', '9+', '5-', '8-', '7+', '2+'}, {'9-', '3+', '8-', '7+', '2+', '6+', '5+'}, {'9+', '1+', '3+', '8-', '7+', '2+', '6+', '5+'}, {'7-', '6-', '1+', '9+', '5-', '3-', '8+', '2-'}]
./data/AfterPCA/Air_quality.csv;0.1;58;1355.596893787384;34.6513671875;['1 : AH', '2 : C6H6(GT)', '3 : CO(GT)', '4 : NMHC(GT)', '5 : NO2(GT)', '6 : NOx(GT)', '7 : PT08.S1(CO)', '8 : PT08.S3(NOx)', '9 : T'];[0.1193598763923441, 0.13519866080740206, 0.11528305073973467, 0.11591205949111906, 0.11936693569224523, 0.10858925808494307, 0.11611111347182629, 0.10087305491728671, 0.1264388463815468, 0.10067907266660553, 0.11174720962323763, 0.10449088900253829, 0.1112510482146528, 0.12181658129482913, 0.10116831184907372, 0.10789317456168258, 0.1027069650799508, 0.1085627571532754, 0.10009787982037668, 0.10772781788632864, 0.11071084042998584, 0.147342141603342, 0.11970027629048914, 0.11652206067772113, 0.10417280928563404, 0.10171829756370082, 0.1017616585708605, 0.10095673846271659, 0.10489500536483946, 0.12082016910975557, 0.10330748532979245, 0.10770561193324159, 0.10420545569197291, 0.11296289417223038, 0.11023073949981685, 0.10711402432502241, 0.11722831050666446, 0.15773914246549042, 0.10304645115286591, 0.10545787601520842, 0.10188863458655782, 0.10512947007320608, 0.1105909465598204, 0.12223079542592091, 0.10435406651998858, 0.10565523941924031, 0.12405812604692959, 0.10126853563116515, 0.1001636752369309, 0.14607402633178262, 0.10117427455869894, 0.11439408155606891, 0.1050929170640093, 0.11263987979908456, 0.10251798602240343, 0.23473979260645025, 0.16097392385999046, 0.17920069352024348];[{'1+', '4-'}, {'7-', '2+'}, {'4+', '3+'}, {'4+', '7+'}, {'4+', '8+'}, {'9-', '4+'}, {'6-', '5+'}, {'9-', '2+', '1+'}, {'9-', '1+', '2-'}, {'9-', '3+', '1+'}, {'9-', '1+', '6+'}, {'7-', '9-', '1+'}, {'3+', '6-', '2+'}, {'3+', '2+', '8+'}, {'2+', '8+', '5+'}, {'5-', '3+', '6-'}, {'5-', '3+', '8-'}, {'5-', '3+', '9+'}, {'3+', '7+', '6-'}, {'3+', '6-', '9+'}, {'3+', '7+', '8+'}, {'7-', '3+', '8+'}, {'3+', '9+', '8+'}, {'9+', '8+', '5+'}, {'2+', '1+', '5-', '3+'}, {'2+', '1+', '8-', '3-'}, {'6-', '2+', '1+', '8+'}, {'9-', '1+', '5-', '3-'}, {'7+', '1+', '8-', '3-'}, {'9+', '1+', '8-', '3-'}, {'9-', '6-', '1+', '5-'}, {'9-', '7+', '1+', '8-'}, {'7+', '2+', '5-', '3+'}, {'7+', '2+', '8-', '3-'}, {'6-', '2+', '5-', '8+'}, {'9+', '2+', '5-', '8+'}, {'6-', '2+', '9+', '8+'}, {'6+', '3+', '8+', '5+'}, {'9-', '3+', '8+', '5+'}, {'9-', '6+', '3+', '8+'}, {'7-', '6+', '8-', '5+'}, {'9+', '1+', '7+', '2+', '8+'}, {'6-', '1+', '5-', '8-', '3-'}, {'7-', '9-', '3+', '6+', '5+'}, {'7-', '9-', '6+', '8+', '5+'}, {'6-', '1+', '5-', '3-', '7+', '2+'}, {'6-', '1+', '9+', '5-', '3-', '2+'}, {'6-', '1+', '9+', '3-', '7+', '2+'}, {'6-', '1+', '5-', '8-', '7+', '2+'}, {'6-', '1+', '9+', '5-', '7+', '2+'}, {'6-', '1+', '9+', '5-', '8-', '2+'}, {'9+', '1+', '5-', '8-', '7+', '2+'}, {'6-', '1+', '9+', '8-', '7+', '2+'}, {'6-', '1+', '9+', '5-', '3-', '7+'}, {'6-', '9+', '5-', '3-', '7+', '2+'}, {'9-', '3+', '8-', '7+', '2+', '6+', '5+'}, {'9+', '1+', '3+', '8-', '7+', '2+', '6+', '5+'}, {'7-', '6-', '1+', '9+', '5-', '3-', '8+', '2-'}]
./data/AfterPCA/Air_quality.csv;0.14;35;1341.2838928699493;26.166015625;['1 : AH', '2 : C6H6(GT)', '3 : CO(GT)', '4 : NMHC(GT)', '5 : NO2(GT)', '6 : NOx(GT)', '7 : PT08.S1(CO)', '8 : PT08.S3(NOx)', '9 : T'];[0.22737100294557855, 0.17398364243700193, 0.15499060747583057, 0.1601454955978069, 0.17581734698898926, 0.15739897102365286, 0.147342141603342, 0.1627498289661854, 0.1417384282196907, 0.14403583053897, 0.14609650643243863, 0.16146069571433785, 0.1409900053563866, 0.14280056728442622, 0.1430676098622395, 0.14573645929185033, 0.16001337931519125, 0.1662186181564371, 0.15513049127290052, 0.16639950986069968, 0.143490368259231, 0.14956419903241444, 0.144149784545141, 0.14420938879576248, 0.15094199617719492, 0.16666385665408467, 0.15773914246549042, 0.14405652868042768, 0.18222330754198696, 0.14238192110096934, 0.140070742866349, 0.14607402633178262, 0.23473979260645025, 0.16097392385999046, 0.17920069352024348];[{'9-', '1+'}, {'3+', '5-'}, {'6-', '3+'}, {'3-', '8-', '1+'}, {'2+', '3-', '7+'}, {'8+', '2+', '7+'}, {'7-', '8+', '3+'}, {'7-', '9-', '3+'}, {'9+', '8+', '7+'}, {'2+', '3-', '1+', '5-'}, {'2+', '3-', '1+', '6-'}, {'2+', '3-', '1+', '9+'}, {'8+', '2+', '1+', '9+'}, {'3-', '1+', '5-', '7+'}, {'3-', '1+', '6-', '7+'}, {'3-', '1+', '9+', '7+'}, {'8-', '1+', '6-', '5-'}, {'1+', '9+', '8-', '5-'}, {'6-', '1+', '9+', '8-'}, {'2+', '3-', '6-', '5-'}, {'2+', '3-', '9+', '5-'}, {'2+', '3-', '9+', '6-'}, {'8-', '2+', '6-', '5-'}, {'2+', '9+', '8-', '5-'}, {'8-', '2+', '6-', '7+'}, {'7-', '3+', '5+', '6+'}, {'8+', '3+', '5+', '6+'}, {'7-', '8+', '5+', '6+'}, {'7-', '5+', '6+', '9-'}, {'8+', '5+', '6+', '9-'}, {'7+', '2+', '1+', '8-', '5-'}, {'9+', '7+', '2+', '1+', '6-', '5-'}, {'9-', '3+', '5+', '6+', '7+', '2+', '8-'}, {'3+', '5+', '6+', '9+', '7+', '2+', '1+', '8-'}, {'7-', '8+', '9+', '3-', '1+', '2-', '6-', '5-'}]
./data/AfterPCA/Air_quality.csv;0.18;36;1333.2161283493042;25.4736328125;['1 : AH', '2 : C6H6(GT)', '3 : CO(GT)', '4 : NMHC(GT)', '5 : NO2(GT)', '6 : NOx(GT)', '7 : PT08.S1(CO)', '8 : PT08.S3(NOx)', '9 : T'];[0.22737100294557855, 0.23007268154657426, 0.2581821740752077, 0.2200200785679518, 0.49715501075732216, 0.21677650160561376, 0.18720070795868213, 0.18003608969980522, 0.18436385176055056, 0.19520638811354626, 0.18143881142773174, 0.22281250001427852, 0.19759361945292664, 0.19028882040378006, 0.19694717948528154, 0.19567131954489858, 0.19582589308253948, 0.19373640884869764, 0.18222330754198696, 0.18906504850150255, 0.1802831651963447, 0.18451205136721277, 0.1853443633866235, 0.19379037022852438, 0.21660502230121936, 0.18545406810547535, 0.18708378402051393, 0.23848033057444928, 0.19769222119523497, 0.18894380673912295, 0.18077009697010735, 0.18360802691288408, 0.18696398153287147, 0.197640727143529, 0.22016163009606635, 0.23473979260645025];[{'9-', '1+'}, {'8+', '2+'}, {'8+', '3+'}, {'8+', '7+'}, {'9-', '8+'}, {'8-', '5-', '1+'}, {'8-', '6-', '1+'}, {'6-', '2+', '3-'}, {'9+', '2+', '3-'}, {'8-', '2+', '5-'}, {'7-', '3+', '6+'}, {'8+', '5+', '6+'}, {'7-', '8+', '5+'}, {'2+', '1+', '6-', '7+'}, {'1+', '6-', '5-', '7+'}, {'1+', '9+', '6-', '7+'}, {'2+', '6-', '5-', '7+'}, {'2+', '9+', '6-', '7+'}, {'7-', '5+', '6+', '9-'}, {'9+', '2+', '1+', '6-', '5-'}, {'9+', '7+', '2+', '1+', '5-'}, {'3+', '5+', '9+', '2+', '1+', '8-'}, {'5+', '6+', '9+', '2+', '1+', '8-'}, {'5+', '9+', '7+', '2+', '1+', '8-'}, {'3+', '5+', '6+', '7+', '2+', '1+', '8-'}, {'3+', '5+', '6+', '9+', '7+', '2+', '1+'}, {'3+', '6+', '9+', '7+', '2+', '1+', '8-'}, {'7-', '8+', '3-', '1+', '2-', '6-', '5-'}, {'7-', '9+', '3-', '1+', '2-', '6-', '5-'}, {'8+', '9+', '3-', '1+', '2-', '6-', '5-'}, {'7-', '8+', '9+', '3-', '1+', '2-', '5-'}, {'7-', '8+', '9+', '3-', '1+', '2-', '6-'}, {'7-', '8+', '9+', '1+', '2-', '6-', '5-'}, {'7-', '8+', '9+', '3-', '1+', '6-', '5-'}, {'3+', '5+', '6+', '9+', '7+', '2+', '8-'}, {'9-', '3+', '5+', '6+', '7+', '2+', '8-'}]
./data/AfterPCA/Air_quality.csv;0.16;33;1334.1851890087128;21.9423828125;['1 : AH', '2 : C6H6(GT)', '3 : CO(GT)', '4 : NMHC(GT)', '5 : NO2(GT)', '6 : NOx(GT)', '7 : PT08.S1(CO)', '8 : PT08.S3(NOx)', '9 : T'];[0.22737100294557855, 0.17398364243700193, 0.2200200785679518, 0.17824307321618002, 0.1601454955978069, 0.17581734698898926, 0.1752166211284709, 0.17692049396091744, 0.17858747109970596, 0.1735983051831756, 0.1627498289661854, 0.22281250001427852, 0.19759361945292664, 0.17985759678677118, 0.17515914152150897, 0.17395143009764724, 0.16146069571433785, 0.16095678963692947, 0.16001337931519125, 0.16156599122645535, 0.1662186181564371, 0.16639950986069968, 0.16961939590395203, 0.16666385665408467, 0.18222330754198696, 0.1625800630840971, 0.18906504850150255, 0.1802831651963447, 0.17230419158382498, 0.16739594489140397, 0.23473979260645025, 0.16097392385999046, 0.17920069352024348];[{'9-', '1+'}, {'3+', '5-'}, {'8+', '7+'}, {'3-', '1+', '7+'}, {'3-', '8-', '1+'}, {'2+', '3-', '7+'}, {'8-', '6-', '2+'}, {'9+', '8+', '2+'}, {'8+', '3+', '5+'}, {'8+', '3+', '6+'}, {'7-', '9-', '3+'}, {'8+', '5+', '6+'}, {'7-', '8+', '5+'}, {'9-', '8+', '5+'}, {'7-', '8+', '6+'}, {'9-', '8+', '6+'}, {'2+', '3-', '1+', '9+'}, {'2+', '1+', '8-', '5-'}, {'8-', '1+', '6-', '5-'}, {'1+', '8-', '5-', '7+'}, {'1+', '9+', '8-', '5-'}, {'2+', '3-', '6-', '5-'}, {'2+', '8-', '5-', '7+'}, {'7-', '3+', '5+', '6+'}, {'7-', '5+', '6+', '9-'}, {'7+', '2+', '1+', '6-', '5-'}, {'9+', '2+', '1+', '6-', '5-'}, {'9+', '7+', '2+', '1+', '5-'}, {'9+', '7+', '2+', '1+', '6-'}, {'9+', '7+', '1+', '6-', '5-'}, {'9-', '3+', '5+', '6+', '7+', '2+', '8-'}, {'3+', '5+', '6+', '9+', '7+', '2+', '1+', '8-'}, {'7-', '8+', '9+', '3-', '1+', '2-', '6-', '5-'}]
./data/AfterPCA/Air_quality.csv;0.2;44;1330.8788576126099;30.6220703125;['1 : AH', '2 : C6H6(GT)', '3 : CO(GT)', '4 : NMHC(GT)', '5 : NO2(GT)', '6 : NOx(GT)', '7 : PT08.S1(CO)', '8 : PT08.S3(NOx)', '9 : T'];[0.22737100294557855, 0.23223860726089887, 0.23007268154657426, 0.24447461286136818, 0.2581821740752077, 0.2200200785679518, 0.49715501075732216, 0.21677650160561376, 0.22799631070478177, 0.23725372581395898, 0.2460399040976974, 0.22281250001427852, 0.21895672868478663, 0.22094845646465783, 0.20800361947897067, 0.2088941421655273, 0.22837952331494854, 0.22117615886632305, 0.20292992472867272, 0.2097703406416049, 0.2071743002371879, 0.2008072686389848, 0.20064522458008932, 0.20407296017188686, 0.21522884719622198, 0.21191915497849928, 0.20169557529935886, 0.20424565029471092, 0.21513353522474138, 0.2343670661407968, 0.2047370826577309, 0.20365472520978342, 0.2155781797359895, 0.20197031685473418, 0.20341370380539214, 0.20628270380598612, 0.2269927478372841, 0.25241826712875154, 0.2032557262687698, 0.21469508187942596, 0.21660502230121936, 0.23848033057444928, 0.22016163009606635, 0.23473979260645025];[{'9-', '1+'}, {'2+', '3-'}, {'8+', '2+'}, {'7-', '3+'}, {'8+', '3+'}, {'8+', '7+'}, {'9-', '8+'}, {'8-', '5-', '1+'}, {'6-', '1+', '7+'}, {'6-', '2+', '7+'}, {'7-', '5+', '6+'}, {'8+', '5+', '6+'}, {'7-', '9-', '5+'}, {'7-', '9-', '6+'}, {'2+', '1+', '6-', '5-'}, {'2+', '1+', '5-', '7+'}, {'2+', '1+', '9+', '5-'}, {'2+', '1+', '9+', '6-'}, {'1+', '9+', '5-', '7+'}, {'2+', '9+', '6-', '5-'}, {'5+', '9+', '2+', '1+', '8-'}, {'8+', '9+', '3-', '1+', '2-'}, {'8+', '9+', '1+', '2-', '5-'}, {'8+', '9+', '1+', '2-', '6-'}, {'7-', '8+', '9+', '1+', '2-'}, {'3+', '5+', '6+', '9+', '1+'}, {'3+', '6+', '9+', '1+', '8-'}, {'3+', '5+', '9+', '7+', '2+', '1+'}, {'3+', '6+', '9+', '7+', '2+', '1+'}, {'3+', '9+', '7+', '2+', '1+', '8-'}, {'5+', '6+', '9+', '7+', '2+', '1+'}, {'6+', '9+', '7+', '2+', '1+', '8-'}, {'9+', '3-', '1+', '2-', '6-', '5-'}, {'7-', '9+', '3-', '1+', '2-', '5-'}, {'7-', '9+', '3-', '1+', '2-', '6-'}, {'7-', '9+', '1+', '2-', '6-', '5-'}, {'7-', '9+', '3-', '1+', '6-', '5-'}, {'8+', '9+', '3-', '1+', '6-', '5-'}, {'7-', '8+', '9+', '3-', '1+', '6-'}, {'7-', '8+', '9+', '1+', '6-', '5-'}, {'3+', '5+', '6+', '7+', '2+', '1+', '8-'}, {'7-', '8+', '3-', '1+', '2-', '6-', '5-'}, {'3+', '5+', '6+', '9+', '7+', '2+', '8-'}, {'9-', '3+', '5+', '6+', '7+', '2+', '8-'}]
./data/AfterPCA/Air_quality.csv;0.24;51;1321.0715160369873;36.8095703125;['1 : AH', '2 : C6H6(GT)', '3 : CO(GT)', '4 : NMHC(GT)', '5 : NO2(GT)', '6 : NOx(GT)', '7 : PT08.S1(CO)', '8 : PT08.S3(NOx)', '9 : T'];[0.24447461286136818, 0.2581821740752077, 0.29647103998748425, 0.2663930079941888, 0.49715501075732216, 0.2609619847333616, 0.2417202979271291, 0.2496907729650106, 0.25448008530375754, 0.24930468180536958, 0.25141586938842203, 0.25591433400211633, 0.2460399040976974, 0.2500826669148616, 0.25819393957504294, 0.24505719929107267, 0.2454471970535716, 0.25189085289730345, 0.24409674612879645, 0.24582654875214194, 0.25111124574802834, 0.24259425753139344, 0.2804903613598505, 0.24870946174186145, 0.24622282906309656, 0.25402358391015123, 0.320040945767077, 0.24346296264058573, 0.249271464258262, 0.2531044128026366, 0.25542482067207917, 0.26194624304287717, 0.2416322280205956, 0.2428439374298382, 0.24270510453178268, 0.25317623946570833, 0.2641612411720485, 0.25346717857328394, 0.24368566184911714, 0.2437080277216194, 0.2506897438607279, 0.25771532361087257, 0.25241826712875154, 0.45508539856693014, 0.2518208538846916, 0.25484831118015366, 0.2459855314965172, 0.247089980669398, 0.24959468424208456, 0.24591434451110647, 0.25734227730638864];[{'7-', '3+'}, {'8+', '3+'}, {'8+', '5+'}, {'8+', '6+'}, {'9-', '8+'}, {'5-', '2+', '1+'}, {'6-', '2+', '1+'}, {'5-', '1+', '7+'}, {'6-', '2+', '5-'}, {'2+', '5-', '7+'}, {'9+', '2+', '5-'}, {'9+', '6-', '2+'}, {'7-', '5+', '6+'}, {'2+', '1+', '5+', '9+'}, {'2+', '1+', '6+', '9+'}, {'7-', '1+', '2-', '9+'}, {'3+', '1+', '6+', '9+'}, {'7-', '3-', '1+', '9+'}, {'5+', '1+', '6+', '9+'}, {'1+', '6+', '9+', '7+'}, {'7-', '8+', '1+', '9+'}, {'3+', '5+', '2+', '1+', '8-'}, {'3+', '9+', '7+', '2+', '1+'}, {'3+', '9+', '2+', '1+', '8-'}, {'5+', '6+', '2+', '1+', '8-'}, {'5+', '7+', '2+', '1+', '8-'}, {'9+', '7+', '2+', '1+', '8-'}, {'5+', '6+', '7+', '1+', '8-'}, {'7-', '9+', '1+', '6-', '5-'}, {'3+', '5+', '9+', '2+', '8-'}, {'5+', '6+', '9+', '2+', '8-'}, {'5+', '9+', '7+', '2+', '8-'}, {'3+', '5+', '9+', '7+', '8-'}, {'5+', '6+', '9+', '7+', '8-'}, {'3+', '5+', '6+', '7+', '2+', '1+'}, {'3+', '6+', '7+', '2+', '1+', '8-'}, {'7-', '3-', '1+', '2-', '6-', '5-'}, {'8+', '3-', '1+', '2-', '6-', '5-'}, {'7-', '8+', '3-', '1+', '2-', '5-'}, {'7-', '8+', '3-', '1+', '2-', '6-'}, {'7-', '8+', '1+', '2-', '6-', '5-'}, {'7-', '8+', '3-', '1+', '6-', '5-'}, {'8+', '9+', '3-', '1+', '6-', '5-'}, {'3+', '5+', '6+', '7+', '2+', '8-'}, {'3+', '5+', '6+', '9+', '7+', '2+'}, {'3+', '5+', '6+', '7+', '2+', '9-'}, {'9-', '3+', '5+', '6+', '2+', '8-'}, {'3+', '6+', '9+', '7+', '2+', '8-'}, {'9-', '3+', '6+', '7+', '2+', '8-'}, {'9-', '5+', '6+', '7+', '2+', '8-'}, {'9-', '3+', '5+', '6+', '7+', '8-'}]
./data/AfterPCA/Air_quality.csv;0.28;51;1312.1097915172577;34.01953125;['1 : AH', '2 : C6H6(GT)', '3 : CO(GT)', '4 : NMHC(GT)', '5 : NO2(GT)', '6 : NOx(GT)', '7 : PT08.S1(CO)', '8 : PT08.S3(NOx)', '9 : T'];[0.31784920449000714, 0.3083903366088942, 0.3118485254264788, 0.29647103998748425, 0.297544944552055, 0.49715501075732216, 0.2919657902214578, 0.28394635699688336, 0.2901324511995624, 0.3143822886414768, 0.281444623356194, 0.29299848126815914, 0.291432550354169, 0.2938846404392429, 0.29142834675811136, 0.28521792195868567, 0.2957941011027906, 0.2840935742414234, 0.2882715375013542, 0.2891943410641577, 0.2885804561203285, 0.30366389544596567, 0.28085342412369757, 0.29379127034637587, 0.2886162323780798, 0.3027015004050759, 0.2906402181885672, 0.3109421478721831, 0.28283523689982415, 0.2857618307355338, 0.28919817913012336, 0.30438536046498715, 0.30125480083795947, 0.28383171762178994, 0.2883284002762859, 0.28356261893720935, 0.28340418448797206, 0.30477133739647444, 0.2804903613598505, 0.320040945767077, 0.2925181747273134, 0.2951020384105417, 0.31849696950423567, 0.3397349989077504, 0.2863536696456912, 0.2824918213784204, 0.30064045898151526, 0.28944719650527645, 0.3159850924034942, 0.2801304056017852, 0.45508539856693014];[{'2+', '5-'}, {'6-', '2+'}, {'7-', '5+'}, {'8+', '5+'}, {'7-', '6+'}, {'9-', '8+'}, {'8-', '5+', '1+'}, {'9+', '5+', '1+'}, {'9+', '1+', '6+'}, {'7-', '9+', '1+'}, {'2+', '1+', '5+', '6+'}, {'2+', '1+', '5+', '7+'}, {'2+', '1+', '6+', '8-'}, {'7-', '3-', '1+', '2-'}, {'7-', '1+', '2-', '5-'}, {'7-', '1+', '2-', '6-'}, {'7-', '8+', '1+', '2-'}, {'3+', '1+', '5+', '6+'}, {'7-', '8+', '1+', '5-'}, {'1+', '6+', '8-', '7+'}, {'7-', '8+', '1+', '6-'}, {'3+', '2+', '5+', '9+'}, {'3+', '2+', '5+', '9-'}, {'3+', '2+', '6+', '9-'}, {'3+', '2+', '9-', '7+'}, {'2+', '5+', '6+', '9+'}, {'2+', '5+', '6+', '9-'}, {'2+', '5+', '9+', '7+'}, {'2+', '5+', '9+', '8-'}, {'2+', '6+', '9-', '7+'}, {'2+', '6+', '9+', '8-'}, {'9-', '2+', '8-', '7+'}, {'3+', '5+', '6+', '9+'}, {'3+', '5+', '9+', '7+'}, {'9-', '3+', '8-', '7+'}, {'5+', '6+', '9+', '7+'}, {'3+', '6+', '7+', '2+', '1+'}, {'3+', '7+', '2+', '1+', '8-'}, {'3+', '9+', '7+', '2+', '1+'}, {'9+', '7+', '2+', '1+', '8-'}, {'3-', '1+', '2-', '6-', '5-'}, {'7-', '3-', '1+', '6-', '5-'}, {'8+', '3-', '1+', '6-', '5-'}, {'9+', '3-', '1+', '6-', '5-'}, {'8+', '9+', '1+', '6-', '5-'}, {'3+', '6+', '9+', '7+', '2+'}, {'3+', '9+', '7+', '2+', '8-'}, {'3+', '5+', '6+', '7+', '9-'}, {'9-', '3+', '5+', '6+', '8-'}, {'9-', '5+', '6+', '7+', '8-'}, {'3+', '5+', '6+', '7+', '2+', '8-'}]
./data/AfterPCA/Air_quality.csv;0.3;43;1305.782351732254;25.9501953125;['1 : AH', '2 : C6H6(GT)', '3 : CO(GT)', '4 : NMHC(GT)', '5 : NO2(GT)', '6 : NOx(GT)', '7 : PT08.S1(CO)', '8 : PT08.S3(NOx)', '9 : T'];[0.31784920449000714, 0.3083903366088942, 0.3118485254264788, 0.49715501075732216, 0.3147826583203353, 0.34306817643388204, 0.320810774986392, 0.3081827383622872, 0.3329460770465242, 0.32797075558222705, 0.3094823120673866, 0.32276969644050907, 0.3340455458719019, 0.3143822886414768, 0.3139184309547696, 0.3129949191774129, 0.3050247639783619, 0.30723416492799993, 0.3126775248294311, 0.30774257159466567, 0.3015771298421828, 0.31212701366529677, 0.3089548064534155, 0.3045827010233883, 0.32314630666338967, 0.3020458764938701, 0.30366389544596567, 0.3065130654390704, 0.3027015004050759, 0.3109421478721831, 0.31190559381208727, 0.30438536046498715, 0.30125480083795947, 0.31090285338729656, 0.3181679924214646, 0.3038246373039085, 0.30477133739647444, 0.320040945767077, 0.31849696950423567, 0.3397349989077504, 0.30064045898151526, 0.3159850924034942, 0.45508539856693014];[{'2+', '5-'}, {'6-', '2+'}, {'7-', '5+'}, {'9-', '8+'}, {'2+', '1+', '5+'}, {'2-', '7-', '1+'}, {'2-', '8+', '1+'}, {'3+', '1+', '5+'}, {'3+', '1+', '6+'}, {'5+', '1+', '6+'}, {'5+', '1+', '7+'}, {'8-', '1+', '6+'}, {'7-', '8+', '1+'}, {'7-', '9+', '1+'}, {'3+', '9-', '2+'}, {'9-', '2+', '6+'}, {'9+', '8-', '6+'}, {'3+', '2+', '1+', '9+'}, {'2+', '1+', '6+', '7+'}, {'3-', '1+', '2-', '5-'}, {'3-', '1+', '2-', '6-'}, {'1+', '2-', '6-', '5-'}, {'7-', '3-', '1+', '5-'}, {'7-', '3-', '1+', '6-'}, {'7-', '1+', '6-', '5-'}, {'8+', '1+', '9+', '6-'}, {'3+', '2+', '5+', '9+'}, {'3+', '2+', '6+', '9+'}, {'2+', '5+', '6+', '9+'}, {'2+', '5+', '9+', '7+'}, {'2+', '6+', '9+', '7+'}, {'9-', '2+', '8-', '7+'}, {'3+', '5+', '6+', '9+'}, {'3+', '6+', '9-', '7+'}, {'5+', '6+', '9-', '7+'}, {'9-', '6+', '8-', '7+'}, {'3+', '7+', '2+', '1+', '8-'}, {'9+', '7+', '2+', '1+', '8-'}, {'8+', '3-', '1+', '6-', '5-'}, {'9+', '3-', '1+', '6-', '5-'}, {'3+', '9+', '7+', '2+', '8-'}, {'9-', '3+', '5+', '6+', '8-'}, {'3+', '5+', '6+', '7+', '2+', '8-'}]
./data/AfterPCA/Air_quality.csv;0.34;29;1292.2128343582153;18.1455078125;['1 : AH', '2 : C6H6(GT)', '3 : CO(GT)', '4 : NMHC(GT)', '5 : NO2(GT)', '6 : NOx(GT)', '7 : PT08.S1(CO)', '8 : PT08.S3(NOx)', '9 : T'];[0.37173245225959967, 0.4020399457681279, 0.37684144350940324, 0.49715501075732216, 0.34306817643388204, 0.3518503567322396, 0.3434874394493691, 0.3713123211101441, 0.34845819178751664, 0.34500898130281593, 0.359898346995249, 0.3474042314585889, 0.3479331535016663, 0.3588168576812699, 0.3547137595533003, 0.40934410513961356, 0.4252440244625531, 0.3535037178751023, 0.42920888367886667, 0.35079641924894256, 0.35611810332100996, 0.3600961901575266, 0.41680941759039547, 0.35974347646440835, 0.4004891843529544, 0.41179484733247335, 0.3580242285224684, 0.4804576190018625, 0.45508539856693014];[{'5+', '1+'}, {'1+', '6+'}, {'9-', '2+'}, {'9-', '8+'}, {'2-', '7-', '1+'}, {'3-', '8+', '1+'}, {'7-', '5-', '1+'}, {'9+', '8+', '1+'}, {'9+', '2+', '5+'}, {'9+', '2+', '6+'}, {'9-', '8-', '3+'}, {'9+', '5+', '6+'}, {'7+', '9-', '6+'}, {'9-', '8-', '7+'}, {'3+', '2+', '1+', '7+'}, {'2+', '1+', '8-', '7+'}, {'2+', '1+', '9+', '7+'}, {'2+', '1+', '9+', '8-'}, {'3-', '1+', '6-', '5-'}, {'3-', '1+', '9+', '5-'}, {'3-', '1+', '9+', '6-'}, {'8+', '1+', '6-', '5-'}, {'1+', '9+', '6-', '5-'}, {'3+', '2+', '9+', '7+'}, {'2+', '9+', '8-', '7+'}, {'3+', '5+', '6+', '9-'}, {'9-', '5+', '6+', '8-'}, {'3+', '5+', '6+', '7+', '8-'}, {'3+', '5+', '6+', '7+', '2+', '8-'}]
./data/AfterPCA/Air_quality.csv;0.38;22;1288.0101487636566;14.6298828125;['1 : AH', '2 : C6H6(GT)', '3 : CO(GT)', '4 : NMHC(GT)', '5 : NO2(GT)', '6 : NOx(GT)', '7 : PT08.S1(CO)', '8 : PT08.S3(NOx)', '9 : T'];[0.4025749219033536, 0.4020399457681279, 0.4190283223224247, 0.4693698576484179, 0.4148822058717566, 0.39747650818058633, 0.4371826027963143, 0.5007017720853167, 0.49715501075732216, 0.38511247566540524, 0.39775483649998905, 0.3992439604034045, 0.40318254714435786, 0.39494155699278943, 0.40934410513961356, 0.4252440244625531, 0.42920888367886667, 0.41680941759039547, 0.4004891843529544, 0.41179484733247335, 0.4804576190018625, 0.45508539856693014];[{'2-', '1+'}, {'1+', '6+'}, {'7-', '1+'}, {'8+', '1+'}, {'9+', '5+'}, {'9+', '6+'}, {'9-', '7+'}, {'9+', '8+'}, {'9-', '8+'}, {'3+', '2+', '1+'}, {'3-', '9+', '1+'}, {'9+', '8-', '1+'}, {'3+', '9+', '2+'}, {'9-', '8-', '6+'}, {'2+', '1+', '8-', '7+'}, {'2+', '1+', '9+', '7+'}, {'3-', '1+', '6-', '5-'}, {'1+', '9+', '6-', '5-'}, {'2+', '9+', '8-', '7+'}, {'3+', '5+', '6+', '9-'}, {'3+', '5+', '6+', '7+', '8-'}, {'3+', '5+', '6+', '7+', '2+', '8-'}]
./data/AfterPCA/Air_quality.csv;0.4;18;1286.7460963726044;13.6923828125;['1 : AH', '2 : C6H6(GT)', '3 : CO(GT)', '4 : NMHC(GT)', '5 : NO2(GT)', '6 : NOx(GT)', '7 : PT08.S1(CO)', '8 : PT08.S3(NOx)', '9 : T'];[0.4025749219033536, 0.4376759085010557, 0.4020399457681279, 0.4190283223224247, 0.4693698576484179, 0.4148822058717566, 0.4371826027963143, 0.5007017720853167, 0.49715501075732216, 0.40318254714435786, 0.40934410513961356, 0.4252440244625531, 0.42920888367886667, 0.41680941759039547, 0.4004891843529544, 0.41179484733247335, 0.4804576190018625, 0.45508539856693014];[{'2-', '1+'}, {'3+', '1+'}, {'1+', '6+'}, {'7-', '1+'}, {'8+', '1+'}, {'9+', '5+'}, {'9-', '7+'}, {'9+', '8+'}, {'9-', '8+'}, {'3+', '9+', '2+'}, {'2+', '1+', '8-', '7+'}, {'2+', '1+', '9+', '7+'}, {'3-', '1+', '6-', '5-'}, {'1+', '9+', '6-', '5-'}, {'2+', '9+', '8-', '7+'}, {'3+', '5+', '6+', '9-'}, {'3+', '5+', '6+', '7+', '8-'}, {'3+', '5+', '6+', '7+', '2+', '8-'}]
./data/AfterPCA/Air_quality.csv;0.5;19;1282.4585528373718;14.8193359375;['1 : AH', '2 : C6H6(GT)', '3 : CO(GT)', '4 : NMHC(GT)', '5 : NO2(GT)', '6 : NOx(GT)', '7 : PT08.S1(CO)', '8 : PT08.S3(NOx)', '9 : T'];[0.5121500603375954, 0.5288283531457497, 0.770761480968927, 0.5007017720853167, 0.5196519029519433, 0.5202761598121322, 0.5231165113917682, 0.500554166465054, 0.501954580784275, 0.5244773570785336, 0.5610413321780755, 0.5148660859947009, 0.5111231035442118, 0.5309200305601434, 0.5554042870191629, 0.5022582220625464, 0.5253463820265564, 0.5231770751588811, 0.5068663913950927];[{'3-', '1+'}, {'8-', '1+'}, {'9+', '1+'}, {'9+', '8+'}, {'2+', '1+', '7+'}, {'6-', '5-', '1+'}, {'9+', '2+', '7+'}, {'9-', '5+', '6+'}, {'3+', '2+', '5+', '8-'}, {'3+', '2+', '6+', '8-'}, {'3+', '2+', '8-', '7+'}, {'2+', '5+', '6+', '8-'}, {'2+', '5+', '8-', '7+'}, {'2+', '6+', '8-', '7+'}, {'3+', '5+', '6+', '8-'}, {'3+', '5+', '8-', '7+'}, {'3+', '6+', '8-', '7+'}, {'5+', '6+', '8-', '7+'}, {'3+', '5+', '6+', '7+', '2+'}]
./data/AfterPCA/Air_quality.csv;0.6;10;1279.170732498169;8.40625;['1 : AH', '2 : C6H6(GT)', '3 : CO(GT)', '4 : NMHC(GT)', '5 : NO2(GT)', '6 : NOx(GT)', '7 : PT08.S1(CO)', '8 : PT08.S3(NOx)', '9 : T'];[0.770761480968927, 0.6470423612366669, 0.621051572503602, 0.600540057003504, 0.6485984913750662, 0.7051382976249271, 0.714481223929994, 0.6069609129077493, 0.6019522825138217, 0.6252177474180668];[{'9+', '1+'}, {'2+', '5+'}, {'9+', '2+'}, {'3+', '2+', '6+'}, {'3+', '2+', '7+'}, {'8-', '2+', '7+'}, {'6+', '3+', '5+'}, {'8-', '3+', '6+'}, {'7+', '5+', '6+'}, {'8-', '5+', '6+'}]
./data/AfterPCA/Air_quality.csv;0.7;7;1277.3655004501343;8.171875;['1 : AH', '2 : C6H6(GT)', '3 : CO(GT)', '4 : NMHC(GT)', '5 : NO2(GT)', '6 : NOx(GT)', '7 : PT08.S1(CO)', '8 : PT08.S3(NOx)', '9 : T'];[0.770761480968927, 0.7173666956303574, 0.705057903850325, 0.7002201130831307, 0.7778627711393705, 0.7051382976249271, 0.714481223929994];[{'9+', '1+'}, {'3+', '2+'}, {'3+', '7+'}, {'8-', '6+'}, {'8-', '7+'}, {'8-', '2+', '7+'}, {'6+', '3+', '5+'}]
./data/AfterPCA/Air_quality.csv;0.8;2;1277.6565964221954;6.78515625;['1 : AH', '2 : C6H6(GT)', '3 : CO(GT)', '4 : NMHC(GT)', '5 : NO2(GT)', '6 : NOx(GT)', '7 : PT08.S1(CO)', '8 : PT08.S3(NOx)', '9 : T'];[0.8627201707683484, 0.8495798437203507];[{'2+', '7+'}, {'5+', '6+'}]
./data/AfterPCA/Air_quality.csv;0.9;0;1270.8395066261292;4.3251953125;0;0;0
./data/AfterPCA/Air_quality.csv;1;0;1268.2697043418884;4.1767578125;0;0;0
